Country,Date,Product,Sales Person,Amount,Boxes Shipped,Shipment Count
UK,04-01-2022,Mint Chip Choco,Jehu Rudeforth,5320,180,1
India,01-08-2022,85% Dark Bars,Van Tuxwell,7896,94,1
India,07-07-2022,Peanut Butter Cubes,Gigi Bohling,4501,91,1
Australia,27-04-2022,Peanut Butter Cubes,Jan Morforth,12726,342,1
UK,24-02-2022,Peanut Butter Cubes,Jehu Rudeforth,13685,184,1
India,06-06-2022,Smooth Sliky Salty,Van Tuxwell,5376,38,1
UK,25-01-2022,99% Dark & Pure,Oby Sorrel,13685,176,1
Australia,24-03-2022,After Nines,Gunar Cockshoot,3080,73,1
New Zealand,20-04-2022,50% Dark Bites,Jehu Rudeforth,3990,59,1
Australia,04-07-2022,99% Dark & Pure,Brien Boise,2835,102,1
UK,13-01-2022,Smooth Sliky Salty,Rafaelita Blaksland,4704,62,1
USA,10-03-2022,Orange Choco,Barr Faughny,3703,11,1
Canada,13-01-2022,Eclairs,Mallorie Waber,1442,286,1
New Zealand,28-07-2022,Drinking Coco,Karlen McCaffrey,168,156,1
New Zealand,03-08-2022,Peanut Butter Cubes,Marney O'Breen,8379,173,1
Australia,26-01-2022,Organic Choco Syrup,Beverie Moffet,6790,356,1
Canada,14-02-2022,Organic Choco Syrup,Van Tuxwell,4067,42,1
USA,05-04-2022,Smooth Sliky Salty,Roddy Speechley,3017,140,1
Canada,16-02-2022,Milk Bars,Beverie Moffet,8799,250,1
UK,08-06-2022,85% Dark Bars,Curtice Advani,1085,172,1
Australia,27-06-2022,Eclairs,Brien Boise,6888,88,1
USA,17-02-2022,Spicy Special Slims,Gunar Cockshoot,1267,157,1
USA,30-05-2022,After Nines,Marney O'Breen,4753,163,1
UK,14-03-2022,Drinking Coco,Husein Augar,3003,113,1
Australia,28-02-2022,Eclairs,Kaine Padly,7672,115,1
India,26-01-2022,Fruit & Nut Bars,Karlen McCaffrey,168,321,1
Canada,09-02-2022,Spicy Special Slims,Roddy Speechley,1652,186,1
USA,07-07-2022,Eclairs,Husein Augar,4025,112,1
New Zealand,05-07-2022,White Choc,Dennison Crosswaite,9492,151,1
New Zealand,15-06-2022,Manuka Honey Choco,Dennison Crosswaite,5061,301,1
New Zealand,24-05-2022,85% Dark Bars,Van Tuxwell,1722,121,1
UK,29-06-2022,99% Dark & Pure,Rafaelita Blaksland,12446,150,1
Australia,11-05-2022,Manuka Honey Choco,Wilone O'Kielt,4284,94,1
UK,30-06-2022,Almond Choco,Karlen McCaffrey,6839,133,1
Canada,11-05-2022,After Nines,Andria Kimpton,2163,70,1
USA,22-07-2022,Manuka Honey Choco,Roddy Speechley,9583,315,1
UK,24-08-2022,50% Dark Bites,Andria Kimpton,2653,314,1
New Zealand,07-07-2022,After Nines,Kelci Walkden,147,72,1
Australia,19-05-2022,85% Dark Bars,Camilla Castle,3654,14,1
India,04-07-2022,Manuka Honey Choco,Karlen McCaffrey,2443,581,1
USA,02-06-2022,After Nines,Kelci Walkden,938,16,1
USA,15-04-2022,Raspberry Choco,Karlen McCaffrey,14749,354,1
Canada,11-07-2022,Choco Coated Almonds,Mallorie Waber,4781,241,1
India,23-02-2022,Spicy Special Slims,Andria Kimpton,6307,142,1
Canada,22-08-2022,Almond Choco,Madelene Upcott,7602,102,1
USA,16-02-2022,Peanut Butter Cubes,Kaine Padly,6790,188,1
USA,13-01-2022,50% Dark Bites,Van Tuxwell,9737,160,1
Australia,14-02-2022,Milk Bars,Curtice Advani,6979,18,1
India,10-06-2022,Eclairs,Roddy Speechley,4382,303,1
India,07-07-2022,Fruit & Nut Bars,Curtice Advani,5243,176,1
Canada,24-03-2022,Almond Choco,Curtice Advani,4865,70,1
Australia,06-06-2022,Fruit & Nut Bars,Brien Boise,8575,23,1
Australia,19-07-2022,Drinking Coco,Dotty Strutley,91,135,1
USA,19-04-2022,Raspberry Choco,Beverie Moffet,14798,83,1
India,19-07-2022,85% Dark Bars,Marney O'Breen,2205,179,1
Canada,15-07-2022,Drinking Coco,Jehu Rudeforth,441,24,1
New Zealand,14-02-2022,Spicy Special Slims,Ches Bonnell,3556,18,1
Canada,18-05-2022,99% Dark & Pure,Brien Boise,16793,416,1
Australia,30-06-2022,Fruit & Nut Bars,Barr Faughny,15421,55,1
Australia,02-06-2022,50% Dark Bites,Andria Kimpton,4438,227,1
Australia,28-06-2022,Drinking Coco,Andria Kimpton,1603,48,1
Australia,16-05-2022,Organic Choco Syrup,Marney O'Breen,273,174,1
Canada,26-05-2022,Baker's Choco Chips,Kelci Walkden,3073,302,1
India,06-07-2022,Almond Choco,Karlen McCaffrey,6090,149,1
India,27-05-2022,99% Dark & Pure,Oby Sorrel,10255,11,1
Australia,14-04-2022,Caramel Stuffed Bars,Wilone O'Kielt,2030,11,1
Australia,10-08-2022,Organic Choco Syrup,Van Tuxwell,19453,14,1
India,04-07-2022,50% Dark Bites,Camilla Castle,9275,411,1
India,08-07-2022,Organic Choco Syrup,Oby Sorrel,6181,56,1
USA,22-07-2022,Peanut Butter Cubes,Jan Morforth,9037,102,1
USA,02-03-2022,Choco Coated Almonds,Gigi Bohling,12313,103,1
UK,10-01-2022,Almond Choco,Gigi Bohling,5642,9,1
New Zealand,11-03-2022,White Choc,Jehu Rudeforth,2800,241,1
New Zealand,20-06-2022,Peanut Butter Cubes,Andria Kimpton,959,265,1
UK,26-08-2022,Organic Choco Syrup,Van Tuxwell,2002,214,1
Canada,13-07-2022,Milk Bars,Roddy Speechley,609,32,1
USA,11-02-2022,Spicy Special Slims,Camilla Castle,1274,244,1
USA,27-01-2022,Orange Choco,Marney O'Breen,7595,181,1
UK,31-01-2022,99% Dark & Pure,Van Tuxwell,4725,137,1
USA,18-08-2022,White Choc,Camilla Castle,9681,24,1
USA,30-06-2022,Raspberry Choco,Andria Kimpton,14504,21,1
Australia,23-08-2022,Fruit & Nut Bars,Dotty Strutley,280,311,1
New Zealand,01-08-2022,Mint Chip Choco,Brien Boise,63,181,1
New Zealand,25-05-2022,After Nines,Roddy Speechley,8001,10,1
Canada,10-01-2022,Organic Choco Syrup,Roddy Speechley,4032,82,1
Australia,07-02-2022,70% Dark Bites,Dennison Crosswaite,5859,108,1
USA,12-05-2022,Orange Choco,Karlen McCaffrey,11095,401,1
Australia,07-03-2022,Spicy Special Slims,Madelene Upcott,7182,408,1
Australia,05-04-2022,85% Dark Bars,Dennison Crosswaite,6881,420,1
Canada,03-01-2022,Caramel Stuffed Bars,Andria Kimpton,7154,348,1
UK,24-03-2022,Eclairs,Dennison Crosswaite,6188,270,1
India,07-07-2022,Raspberry Choco,Madelene Upcott,4221,9,1
USA,26-07-2022,After Nines,Van Tuxwell,630,264,1
Australia,07-07-2022,Organic Choco Syrup,Wilone O'Kielt,1743,111,1
Canada,15-07-2022,50% Dark Bites,Karlen McCaffrey,2919,65,1
New Zealand,01-04-2022,Orange Choco,Roddy Speechley,49,97,1
Australia,20-06-2022,Eclairs,Beverie Moffet,1827,6,1
UK,29-06-2022,Fruit & Nut Bars,Kelci Walkden,13006,482,1
USA,15-06-2022,50% Dark Bites,Marney O'Breen,1064,106,1
USA,08-04-2022,After Nines,Husein Augar,11571,180,1
Australia,14-03-2022,Raspberry Choco,Dennison Crosswaite,5740,31,1
USA,15-07-2022,Fruit & Nut Bars,Andria Kimpton,1456,359,1
India,19-04-2022,Eclairs,Kelci Walkden,5334,80,1
USA,28-03-2022,99% Dark & Pure,Marney O'Breen,4151,296,1
Canada,04-03-2022,Spicy Special Slims,Brien Boise,8106,101,1
New Zealand,02-08-2022,70% Dark Bites,Karlen McCaffrey,126,40,1
UK,25-08-2022,Spicy Special Slims,Husein Augar,4697,42,1
USA,25-02-2022,Almond Choco,Marney O'Breen,7798,167,1
India,07-06-2022,Orange Choco,Kelci Walkden,9408,138,1
India,12-04-2022,Spicy Special Slims,Jan Morforth,1939,520,1
India,06-07-2022,Spicy Special Slims,Ches Bonnell,10906,94,1
UK,19-01-2022,Smooth Sliky Salty,Kelci Walkden,5929,175,1
Australia,05-01-2022,Fruit & Nut Bars,Madelene Upcott,5579,92,1
Canada,24-01-2022,70% Dark Bites,Madelene Upcott,10927,141,1
Australia,06-04-2022,Drinking Coco,Wilone O'Kielt,623,283,1
Australia,15-06-2022,Fruit & Nut Bars,Gunar Cockshoot,6013,21,1
Canada,28-01-2022,Baker's Choco Chips,Gigi Bohling,1505,47,1
India,16-03-2022,Caramel Stuffed Bars,Kelci Walkden,476,125,1
Australia,21-02-2022,Drinking Coco,Rafaelita Blaksland,11550,396,1
USA,16-02-2022,Manuka Honey Choco,Kelci Walkden,17318,87,1
Canada,13-01-2022,Spicy Special Slims,Jehu Rudeforth,1848,27,1
Australia,23-03-2022,Eclairs,Kelci Walkden,7273,547,1
Canada,16-06-2022,Spicy Special Slims,Curtice Advani,854,118,1
India,14-04-2022,Raspberry Choco,Oby Sorrel,6832,46,1
UK,25-01-2022,Eclairs,Kelci Walkden,4606,57,1
India,11-03-2022,Almond Choco,Jan Morforth,4466,22,1
UK,28-07-2022,Almond Choco,Dotty Strutley,16114,96,1
New Zealand,09-03-2022,After Nines,Marney O'Breen,1561,44,1
Australia,28-06-2022,Orange Choco,Husein Augar,8897,188,1
Australia,28-07-2022,Milk Bars,Marney O'Breen,2464,387,1
Canada,15-08-2022,99% Dark & Pure,Kelci Walkden,4830,50,1
Australia,12-01-2022,Manuka Honey Choco,Kaine Padly,2765,264,1
New Zealand,24-03-2022,White Choc,Beverie Moffet,7126,7,1
UK,25-07-2022,Milk Bars,Van Tuxwell,4263,90,1
Canada,01-08-2022,99% Dark & Pure,Oby Sorrel,3605,403,1
India,16-05-2022,Organic Choco Syrup,Van Tuxwell,19929,174,1
India,10-08-2022,Smooth Sliky Salty,Roddy Speechley,5103,140,1
India,05-01-2022,Eclairs,Jan Morforth,2541,27,1
UK,11-07-2022,Smooth Sliky Salty,Ches Bonnell,5663,110,1
USA,25-04-2022,After Nines,Wilone O'Kielt,392,30,1
New Zealand,04-04-2022,Fruit & Nut Bars,Gigi Bohling,10976,121,1
USA,12-04-2022,Raspberry Choco,Barr Faughny,9282,101,1
New Zealand,02-08-2022,85% Dark Bars,Wilone O'Kielt,1827,117,1
New Zealand,28-06-2022,Manuka Honey Choco,Gigi Bohling,8267,272,1
Australia,05-07-2022,Eclairs,Ches Bonnell,4116,128,1
New Zealand,07-06-2022,Choco Coated Almonds,Rafaelita Blaksland,2093,45,1
New Zealand,18-01-2022,Smooth Sliky Salty,Brien Boise,1015,27,1
Australia,04-01-2022,Baker's Choco Chips,Brien Boise,12516,212,1
Australia,31-01-2022,99% Dark & Pure,Dennison Crosswaite,2758,18,1
India,14-03-2022,Almond Choco,Kelci Walkden,3297,149,1
Australia,29-04-2022,70% Dark Bites,Camilla Castle,6048,477,1
India,07-02-2022,Smooth Sliky Salty,Oby Sorrel,10101,108,1
UK,31-03-2022,Organic Choco Syrup,Kaine Padly,2282,178,1
India,16-03-2022,Caramel Stuffed Bars,Marney O'Breen,4361,81,1
UK,25-01-2022,Eclairs,Karlen McCaffrey,7798,196,1
India,20-06-2022,Baker's Choco Chips,Van Tuxwell,3052,447,1
UK,29-03-2022,After Nines,Gigi Bohling,8029,175,1
Australia,12-07-2022,Orange Choco,Curtice Advani,854,136,1
Canada,11-07-2022,Smooth Sliky Salty,Jehu Rudeforth,5460,138,1
Canada,19-01-2022,Smooth Sliky Salty,Karlen McCaffrey,3017,184,1
USA,05-04-2022,85% Dark Bars,Andria Kimpton,8911,82,1
Canada,21-02-2022,Milk Bars,Jehu Rudeforth,7203,12,1
New Zealand,20-05-2022,Caramel Stuffed Bars,Rafaelita Blaksland,13083,14,1
Australia,29-07-2022,Milk Bars,Mallorie Waber,2779,104,1
USA,28-01-2022,Fruit & Nut Bars,Barr Faughny,9058,46,1
UK,19-07-2022,Caramel Stuffed Bars,Marney O'Breen,3549,112,1
New Zealand,13-04-2022,Manuka Honey Choco,Mallorie Waber,9436,11,1
India,11-02-2022,Peanut Butter Cubes,Roddy Speechley,10283,21,1
New Zealand,02-03-2022,Milk Bars,Roddy Speechley,5446,116,1
Australia,02-03-2022,White Choc,Ches Bonnell,1043,202,1
USA,28-07-2022,99% Dark & Pure,Van Tuxwell,12586,6,1
India,07-01-2022,After Nines,Kelci Walkden,1687,520,1
UK,12-04-2022,White Choc,Brien Boise,5299,167,1
Canada,27-06-2022,Almond Choco,Van Tuxwell,3213,72,1
Australia,14-01-2022,50% Dark Bites,Jehu Rudeforth,5194,418,1
UK,07-02-2022,Baker's Choco Chips,Karlen McCaffrey,4753,389,1
Australia,23-03-2022,Orange Choco,Jehu Rudeforth,13706,26,1
India,10-01-2022,Peanut Butter Cubes,Marney O'Breen,6489,146,1
UK,17-03-2022,Choco Coated Almonds,Oby Sorrel,9324,41,1
USA,21-01-2022,Spicy Special Slims,Gigi Bohling,10829,54,1
Australia,04-07-2022,White Choc,Barr Faughny,8113,370,1
Canada,04-07-2022,Peanut Butter Cubes,Kaine Padly,3269,176,1
USA,10-08-2022,Manuka Honey Choco,Dotty Strutley,273,210,1
Australia,01-04-2022,50% Dark Bites,Dennison Crosswaite,7287,12,1
India,22-02-2022,Raspberry Choco,Gigi Bohling,2583,159,1
UK,03-01-2022,White Choc,Camilla Castle,9982,187,1
India,31-05-2022,Drinking Coco,Karlen McCaffrey,4795,233,1
UK,03-01-2022,99% Dark & Pure,Dotty Strutley,9310,282,1
New Zealand,27-01-2022,Caramel Stuffed Bars,Husein Augar,497,475,1
UK,28-01-2022,50% Dark Bites,Barr Faughny,581,65,1
Australia,28-06-2022,Organic Choco Syrup,Curtice Advani,3472,311,1
UK,02-03-2022,Choco Coated Almonds,Husein Augar,4333,43,1
Australia,27-05-2022,After Nines,Wilone O'Kielt,3325,26,1
USA,30-06-2022,Almond Choco,Dennison Crosswaite,11718,84,1
Canada,07-06-2022,Peanut Butter Cubes,Barr Faughny,2100,78,1
USA,12-05-2022,70% Dark Bites,Kaine Padly,4018,100,1
New Zealand,29-07-2022,Raspberry Choco,Barr Faughny,6468,66,1
UK,03-08-2022,White Choc,Dennison Crosswaite,7238,265,1
India,18-08-2022,Baker's Choco Chips,Barr Faughny,6454,141,1
New Zealand,14-06-2022,Smooth Sliky Salty,Van Tuxwell,3115,42,1
UK,30-06-2022,White Choc,Beverie Moffet,6475,76,1
New Zealand,13-06-2022,Mint Chip Choco,Camilla Castle,1162,190,1
UK,27-04-2022,Orange Choco,Ches Bonnell,14238,54,1
Australia,27-07-2022,White Choc,Jan Morforth,3472,32,1
Canada,20-04-2022,85% Dark Bars,Mallorie Waber,1428,424,1
India,04-01-2022,Spicy Special Slims,Rafaelita Blaksland,8064,134,1
Australia,21-02-2022,Mint Chip Choco,Ches Bonnell,9660,92,1
Australia,05-01-2022,White Choc,Karlen McCaffrey,7357,48,1
India,15-07-2022,Drinking Coco,Beverie Moffet,6055,46,1
Australia,25-05-2022,Choco Coated Almonds,Brien Boise,5124,62,1
Canada,20-04-2022,Eclairs,Karlen McCaffrey,3479,358,1
USA,02-06-2022,99% Dark & Pure,Gigi Bohling,784,249,1
UK,13-05-2022,Smooth Sliky Salty,Marney O'Breen,18991,88,1
New Zealand,03-08-2022,Baker's Choco Chips,Beverie Moffet,1372,144,1
Australia,25-05-2022,Milk Bars,Beverie Moffet,735,390,1
UK,16-03-2022,Raspberry Choco,Van Tuxwell,6538,79,1
Australia,04-07-2022,Orange Choco,Jan Morforth,3199,122,1
India,05-07-2022,50% Dark Bites,Jehu Rudeforth,3472,135,1
USA,15-03-2022,After Nines,Madelene Upcott,4571,430,1
UK,22-08-2022,Raspberry Choco,Barr Faughny,5481,69,1
Australia,12-01-2022,70% Dark Bites,Ches Bonnell,3136,125,1
UK,10-06-2022,Baker's Choco Chips,Marney O'Breen,252,154,1
Australia,25-03-2022,Peanut Butter Cubes,Kaine Padly,5460,286,1
India,27-07-2022,Almond Choco,Rafaelita Blaksland,3395,99,1
UK,15-04-2022,Caramel Stuffed Bars,Husein Augar,14938,433,1
India,27-06-2022,Orange Choco,Roddy Speechley,4053,19,1
UK,14-04-2022,70% Dark Bites,Jehu Rudeforth,5565,258,1
Australia,15-03-2022,Manuka Honey Choco,Husein Augar,7161,92,1
USA,18-03-2022,Eclairs,Madelene Upcott,8883,200,1
India,29-04-2022,Eclairs,Brien Boise,1351,61,1
New Zealand,25-02-2022,White Choc,Mallorie Waber,3171,246,1
USA,02-03-2022,Milk Bars,Husein Augar,854,56,1
Australia,20-06-2022,Milk Bars,Van Tuxwell,7910,87,1
Canada,15-07-2022,White Choc,Beverie Moffet,9275,173,1
Australia,12-05-2022,50% Dark Bites,Dotty Strutley,3108,252,1
New Zealand,01-07-2022,Organic Choco Syrup,Mallorie Waber,5075,256,1
USA,08-08-2022,85% Dark Bars,Husein Augar,378,54,1
Australia,25-07-2022,50% Dark Bites,Madelene Upcott,7350,6,1
UK,18-05-2022,Drinking Coco,Wilone O'Kielt,3388,55,1
India,15-07-2022,Peanut Butter Cubes,Camilla Castle,11837,277,1
India,05-07-2022,70% Dark Bites,Curtice Advani,2282,44,1
USA,04-07-2022,Manuka Honey Choco,Mallorie Waber,5425,96,1
UK,20-06-2022,70% Dark Bites,Dotty Strutley,1267,216,1
Australia,25-01-2022,Almond Choco,Gunar Cockshoot,3752,424,1
New Zealand,01-07-2022,Spicy Special Slims,Kaine Padly,7728,37,1
USA,13-04-2022,50% Dark Bites,Gigi Bohling,2296,59,1
UK,04-05-2022,Smooth Sliky Salty,Beverie Moffet,4403,76,1
Australia,04-08-2022,Baker's Choco Chips,Beverie Moffet,3192,109,1
India,01-06-2022,70% Dark Bites,Beverie Moffet,448,146,1
UK,22-04-2022,Choco Coated Almonds,Jehu Rudeforth,4270,185,1
USA,03-08-2022,50% Dark Bites,Kaine Padly,70,27,1
USA,10-06-2022,Orange Choco,Ches Bonnell,1743,69,1
UK,27-06-2022,Manuka Honey Choco,Gunar Cockshoot,6762,46,1
Australia,03-01-2022,Smooth Sliky Salty,Marney O'Breen,3745,170,1
India,11-07-2022,After Nines,Marney O'Breen,2639,179,1
New Zealand,17-08-2022,Milk Bars,Ches Bonnell,4389,126,1
USA,18-01-2022,Fruit & Nut Bars,Rafaelita Blaksland,2604,65,1
India,08-03-2022,Organic Choco Syrup,Ches Bonnell,16569,99,1
Australia,07-03-2022,Orange Choco,Mallorie Waber,14658,275,1
India,09-05-2022,70% Dark Bites,Husein Augar,6454,157,1
New Zealand,23-05-2022,85% Dark Bars,Barr Faughny,2100,157,1
UK,15-04-2022,Caramel Stuffed Bars,Madelene Upcott,161,145,1
Australia,27-07-2022,Drinking Coco,Gigi Bohling,2807,139,1
Canada,22-08-2022,Choco Coated Almonds,Marney O'Breen,2639,406,1
USA,11-05-2022,70% Dark Bites,Ches Bonnell,4571,122,1
India,26-01-2022,Organic Choco Syrup,Madelene Upcott,4781,38,1
USA,14-04-2022,50% Dark Bites,Barr Faughny,13034,117,1
New Zealand,05-04-2022,Mint Chip Choco,Dennison Crosswaite,6454,417,1
New Zealand,14-06-2022,Smooth Sliky Salty,Marney O'Breen,8484,57,1
Canada,13-04-2022,Almond Choco,Brien Boise,4781,125,1
Australia,27-06-2022,White Choc,Beverie Moffet,2240,166,1
Australia,26-01-2022,Eclairs,Dotty Strutley,6979,3,1
UK,05-07-2022,White Choc,Barr Faughny,1652,72,1
Canada,11-01-2022,Baker's Choco Chips,Beverie Moffet,13447,95,1
USA,07-03-2022,White Choc,Kelci Walkden,9422,22,1
Canada,04-03-2022,50% Dark Bites,Kaine Padly,8687,100,1
Canada,15-07-2022,Organic Choco Syrup,Karlen McCaffrey,2415,312,1
UK,11-05-2022,Peanut Butter Cubes,Kaine Padly,6272,86,1
USA,27-01-2022,Milk Bars,Karlen McCaffrey,4389,7,1
India,27-06-2022,Orange Choco,Karlen McCaffrey,3122,149,1
India,03-08-2022,Smooth Sliky Salty,Ches Bonnell,8043,18,1
New Zealand,19-08-2022,Mint Chip Choco,Wilone O'Kielt,11662,242,1
Australia,15-06-2022,Fruit & Nut Bars,Wilone O'Kielt,392,102,1
UK,07-02-2022,Peanut Butter Cubes,Dennison Crosswaite,8925,158,1
Australia,08-07-2022,Almond Choco,Karlen McCaffrey,7294,128,1
India,21-04-2022,Milk Bars,Dennison Crosswaite,1526,96,1
UK,08-04-2022,Mint Chip Choco,Ches Bonnell,2688,209,1
Australia,19-08-2022,50% Dark Bites,Husein Augar,14889,52,1
India,04-05-2022,Fruit & Nut Bars,Jan Morforth,2912,55,1
USA,11-05-2022,85% Dark Bars,Mallorie Waber,2632,108,1
USA,22-03-2022,Eclairs,Mallorie Waber,6328,51,1
Canada,10-08-2022,Spicy Special Slims,Dennison Crosswaite,2527,216,1
USA,04-05-2022,Fruit & Nut Bars,Dennison Crosswaite,1414,318,1
USA,18-08-2022,99% Dark & Pure,Kelci Walkden,7714,238,1
Canada,03-08-2022,Raspberry Choco,Dotty Strutley,4347,238,1
New Zealand,14-01-2022,Milk Bars,Marney O'Breen,7490,315,1
Australia,08-04-2022,Choco Coated Almonds,Madelene Upcott,2058,72,1
UK,01-08-2022,Orange Choco,Kelci Walkden,3640,3,1
Canada,15-03-2022,Eclairs,Dennison Crosswaite,455,45,1
India,15-07-2022,Mint Chip Choco,Karlen McCaffrey,10990,184,1
New Zealand,13-01-2022,Almond Choco,Barr Faughny,5558,127,1
Australia,26-08-2022,85% Dark Bars,Mallorie Waber,2541,53,1
Canada,10-01-2022,Eclairs,Ches Bonnell,1876,172,1
Australia,11-05-2022,White Choc,Gigi Bohling,5523,87,1
New Zealand,30-08-2022,85% Dark Bars,Beverie Moffet,11200,22,1
USA,21-07-2022,Caramel Stuffed Bars,Kaine Padly,5593,122,1
Australia,01-08-2022,Almond Choco,Mallorie Waber,7882,125,1
Canada,17-02-2022,85% Dark Bars,Brien Boise,10241,259,1
Australia,27-07-2022,Drinking Coco,Brien Boise,6832,156,1
USA,23-02-2022,Orange Choco,Dotty Strutley,1379,107,1
Australia,22-03-2022,50% Dark Bites,Rafaelita Blaksland,3010,40,1
India,23-06-2022,99% Dark & Pure,Dennison Crosswaite,6888,311,1
UK,01-02-2022,White Choc,Curtice Advani,1540,73,1
Australia,02-03-2022,After Nines,Kelci Walkden,6916,288,1
UK,06-04-2022,Fruit & Nut Bars,Gigi Bohling,1232,86,1
Australia,17-03-2022,Raspberry Choco,Gunar Cockshoot,602,72,1
UK,24-06-2022,Fruit & Nut Bars,Curtice Advani,10927,136,1
Canada,19-07-2022,50% Dark Bites,Barr Faughny,10185,303,1
USA,11-07-2022,Spicy Special Slims,Curtice Advani,1603,264,1
India,13-01-2022,Almond Choco,Brien Boise,2170,218,1
New Zealand,07-07-2022,Smooth Sliky Salty,Oby Sorrel,8673,60,1
India,25-05-2022,85% Dark Bars,Jan Morforth,4760,418,1
India,13-04-2022,Fruit & Nut Bars,Marney O'Breen,4753,151,1
New Zealand,02-03-2022,50% Dark Bites,Andria Kimpton,3374,202,1
Canada,23-06-2022,Raspberry Choco,Gunar Cockshoot,2058,126,1
USA,26-07-2022,Drinking Coco,Kelci Walkden,6454,160,1
Canada,22-03-2022,White Choc,Van Tuxwell,420,3,1
USA,09-06-2022,Baker's Choco Chips,Rafaelita Blaksland,2863,58,1
Australia,17-05-2022,Caramel Stuffed Bars,Van Tuxwell,5936,59,1
New Zealand,04-03-2022,Peanut Butter Cubes,Ches Bonnell,889,273,1
Canada,07-07-2022,Milk Bars,Kelci Walkden,16016,28,1
Canada,13-01-2022,Choco Coated Almonds,Dennison Crosswaite,10479,118,1
Australia,13-07-2022,Almond Choco,Curtice Advani,2912,75,1
Australia,16-06-2022,85% Dark Bars,Madelene Upcott,1575,329,1
UK,18-07-2022,50% Dark Bites,Gigi Bohling,8197,69,1
UK,30-05-2022,Manuka Honey Choco,Ches Bonnell,4221,395,1
UK,21-06-2022,70% Dark Bites,Gigi Bohling,840,81,1
Australia,24-06-2022,Peanut Butter Cubes,Jehu Rudeforth,5691,38,1
India,13-01-2022,Eclairs,Marney O'Breen,3472,96,1
Canada,04-04-2022,Fruit & Nut Bars,Curtice Advani,4193,195,1
UK,08-06-2022,Smooth Sliky Salty,Kaine Padly,9016,554,1
Canada,02-08-2022,Spicy Special Slims,Karlen McCaffrey,6328,47,1
USA,21-07-2022,Organic Choco Syrup,Kelci Walkden,9870,152,1
India,20-06-2022,Spicy Special Slims,Curtice Advani,161,134,1
India,22-06-2022,After Nines,Roddy Speechley,2576,112,1
Australia,02-05-2022,Caramel Stuffed Bars,Camilla Castle,3178,16,1
Australia,07-01-2022,99% Dark & Pure,Curtice Advani,4676,84,1
UK,21-02-2022,50% Dark Bites,Mallorie Waber,5502,99,1
Canada,21-03-2022,Baker's Choco Chips,Ches Bonnell,7462,371,1
UK,04-04-2022,Drinking Coco,Van Tuxwell,5803,136,1
Canada,24-03-2022,Fruit & Nut Bars,Gunar Cockshoot,13888,203,1
New Zealand,28-06-2022,Spicy Special Slims,Gunar Cockshoot,6867,183,1
Australia,14-01-2022,Drinking Coco,Gunar Cockshoot,2317,195,1
New Zealand,07-02-2022,Fruit & Nut Bars,Karlen McCaffrey,1218,135,1
New Zealand,11-01-2022,Drinking Coco,Dennison Crosswaite,4109,197,1
India,25-02-2022,99% Dark & Pure,Jehu Rudeforth,1953,242,1
Australia,01-08-2022,Mint Chip Choco,Dotty Strutley,6790,25,1
Australia,05-05-2022,Mint Chip Choco,Roddy Speechley,6797,252,1
New Zealand,18-05-2022,Raspberry Choco,Madelene Upcott,9226,415,1
New Zealand,04-01-2022,Choco Coated Almonds,Dotty Strutley,5733,348,1
New Zealand,09-05-2022,50% Dark Bites,Roddy Speechley,4312,211,1
India,06-05-2022,Smooth Sliky Salty,Rafaelita Blaksland,1638,81,1
UK,13-01-2022,White Choc,Husein Augar,10815,145,1
Australia,24-06-2022,Almond Choco,Roddy Speechley,4466,74,1
USA,14-02-2022,Caramel Stuffed Bars,Van Tuxwell,987,21,1
Australia,18-01-2022,99% Dark & Pure,Camilla Castle,4669,101,1
India,02-05-2022,Milk Bars,Kaine Padly,2905,91,1
Australia,16-05-2022,Smooth Sliky Salty,Ches Bonnell,7490,54,1
USA,28-01-2022,Almond Choco,Mallorie Waber,6986,368,1
Canada,24-06-2022,99% Dark & Pure,Kaine Padly,1288,409,1
UK,18-07-2022,After Nines,Oby Sorrel,2345,104,1
UK,13-04-2022,Eclairs,Gunar Cockshoot,3619,164,1
USA,15-04-2022,Caramel Stuffed Bars,Dotty Strutley,16982,76,1
India,04-01-2022,Peanut Butter Cubes,Jan Morforth,8092,178,1
Australia,04-07-2022,Eclairs,Husein Augar,6993,31,1
USA,24-03-2022,Smooth Sliky Salty,Beverie Moffet,2317,352,1
Australia,17-03-2022,Manuka Honey Choco,Camilla Castle,637,169,1
Australia,15-02-2022,Almond Choco,Oby Sorrel,6034,223,1
USA,29-06-2022,Orange Choco,Jan Morforth,980,146,1
USA,24-05-2022,Fruit & Nut Bars,Gigi Bohling,2821,112,1
UK,10-01-2022,Milk Bars,Mallorie Waber,3563,284,1
USA,15-03-2022,Raspberry Choco,Curtice Advani,2996,139,1
Canada,08-02-2022,Milk Bars,Marney O'Breen,2436,309,1
India,25-02-2022,Caramel Stuffed Bars,Brien Boise,1540,100,1
USA,03-05-2022,Eclairs,Gunar Cockshoot,6916,42,1
USA,14-06-2022,Fruit & Nut Bars,Roddy Speechley,5509,24,1
India,09-08-2022,50% Dark Bites,Gunar Cockshoot,12992,83,1
New Zealand,11-07-2022,Manuka Honey Choco,Wilone O'Kielt,3724,234,1
UK,14-01-2022,Manuka Honey Choco,Kaine Padly,7133,118,1
Canada,24-02-2022,Manuka Honey Choco,Van Tuxwell,8617,46,1
New Zealand,15-03-2022,Almond Choco,Wilone O'Kielt,9198,144,1
New Zealand,25-04-2022,Baker's Choco Chips,Oby Sorrel,11823,47,1
Australia,10-05-2022,Organic Choco Syrup,Dennison Crosswaite,5775,41,1
Australia,23-06-2022,Spicy Special Slims,Marney O'Breen,13125,275,1
Canada,28-02-2022,Smooth Sliky Salty,Beverie Moffet,14287,370,1
USA,25-05-2022,Organic Choco Syrup,Brien Boise,16233,138,1
New Zealand,22-02-2022,Baker's Choco Chips,Roddy Speechley,5313,215,1
UK,11-07-2022,85% Dark Bars,Van Tuxwell,3577,134,1
Canada,03-01-2022,Spicy Special Slims,Marney O'Breen,3528,336,1
New Zealand,24-08-2022,70% Dark Bites,Rafaelita Blaksland,679,280,1
USA,28-07-2022,50% Dark Bites,Beverie Moffet,2450,352,1
USA,25-05-2022,Mint Chip Choco,Brien Boise,10577,150,1
New Zealand,06-05-2022,Eclairs,Karlen McCaffrey,2597,177,1
India,28-01-2022,Drinking Coco,Barr Faughny,2219,142,1
UK,06-06-2022,Orange Choco,Marney O'Breen,11319,12,1
New Zealand,12-07-2022,Baker's Choco Chips,Brien Boise,5978,24,1
Canada,05-08-2022,Spicy Special Slims,Ches Bonnell,5327,183,1
USA,28-01-2022,Orange Choco,Brien Boise,6020,147,1
India,31-08-2022,Spicy Special Slims,Kaine Padly,5614,137,1
USA,19-04-2022,50% Dark Bites,Mallorie Waber,1736,13,1
UK,29-06-2022,Mint Chip Choco,Mallorie Waber,6384,2,1
India,24-02-2022,Choco Coated Almonds,Beverie Moffet,3577,261,1
UK,04-03-2022,Smooth Sliky Salty,Madelene Upcott,14539,84,1
India,21-06-2022,Eclairs,Gigi Bohling,3493,68,1
Australia,26-01-2022,Organic Choco Syrup,Rafaelita Blaksland,994,105,1
New Zealand,10-06-2022,White Choc,Oby Sorrel,4361,40,1
UK,23-05-2022,Drinking Coco,Andria Kimpton,1554,65,1
India,15-04-2022,Milk Bars,Kelci Walkden,966,107,1
New Zealand,31-01-2022,Caramel Stuffed Bars,Karlen McCaffrey,5334,227,1
New Zealand,04-03-2022,Organic Choco Syrup,Andria Kimpton,4935,39,1
New Zealand,19-04-2022,After Nines,Barr Faughny,10024,84,1
UK,16-05-2022,Almond Choco,Beverie Moffet,2506,100,1
Australia,17-02-2022,Raspberry Choco,Oby Sorrel,1043,120,1
USA,18-01-2022,Raspberry Choco,Dennison Crosswaite,6524,257,1
Canada,09-02-2022,Orange Choco,Roddy Speechley,8148,85,1
Canada,23-03-2022,Orange Choco,Mallorie Waber,3577,178,1
New Zealand,01-02-2022,Caramel Stuffed Bars,Madelene Upcott,3374,151,1
India,07-03-2022,Drinking Coco,Mallorie Waber,3948,142,1
UK,03-01-2022,White Choc,Ches Bonnell,3269,226,1
USA,11-02-2022,White Choc,Ches Bonnell,5271,341,1
New Zealand,16-03-2022,Orange Choco,Dennison Crosswaite,4571,140,1
India,15-08-2022,White Choc,Dotty Strutley,12327,330,1
India,12-05-2022,Manuka Honey Choco,Gigi Bohling,4935,73,1
India,11-04-2022,Spicy Special Slims,Van Tuxwell,6167,4,1
New Zealand,30-06-2022,Mint Chip Choco,Jan Morforth,18340,285,1
New Zealand,15-06-2022,White Choc,Dotty Strutley,7014,60,1
Canada,01-08-2022,Caramel Stuffed Bars,Rafaelita Blaksland,7119,101,1
USA,15-06-2022,Milk Bars,Kaine Padly,15491,58,1
India,16-06-2022,After Nines,Brien Boise,5747,45,1
New Zealand,13-05-2022,Raspberry Choco,Oby Sorrel,4550,281,1
USA,10-05-2022,Drinking Coco,Dennison Crosswaite,2191,138,1
India,25-08-2022,Eclairs,Oby Sorrel,5663,322,1
New Zealand,15-07-2022,Organic Choco Syrup,Ches Bonnell,7623,85,1
UK,16-05-2022,Baker's Choco Chips,Gigi Bohling,9023,409,1
Australia,14-06-2022,50% Dark Bites,Jan Morforth,3402,182,1
Australia,25-01-2022,Smooth Sliky Salty,Beverie Moffet,10507,467,1
USA,28-07-2022,Organic Choco Syrup,Ches Bonnell,7721,14,1
Canada,28-01-2022,Mint Chip Choco,Brien Boise,5033,178,1
UK,29-06-2022,Orange Choco,Kaine Padly,1960,191,1
Australia,24-06-2022,70% Dark Bites,Karlen McCaffrey,238,317,1
Canada,01-07-2022,Mint Chip Choco,Gunar Cockshoot,7756,410,1
USA,25-02-2022,Peanut Butter Cubes,Roddy Speechley,1736,137,1
Canada,01-08-2022,Smooth Sliky Salty,Curtice Advani,2660,12,1
Australia,21-06-2022,Milk Bars,Oby Sorrel,7672,254,1
New Zealand,25-01-2022,Spicy Special Slims,Camilla Castle,11564,24,1
UK,17-05-2022,Milk Bars,Gigi Bohling,1365,232,1
Australia,23-08-2022,85% Dark Bars,Andria Kimpton,4186,233,1
Australia,03-03-2022,Smooth Sliky Salty,Camilla Castle,7406,118,1
India,30-05-2022,Caramel Stuffed Bars,Roddy Speechley,8911,543,1
USA,29-06-2022,Drinking Coco,Karlen McCaffrey,112,223,1
Canada,04-01-2022,Organic Choco Syrup,Andria Kimpton,8204,204,1
Australia,14-01-2022,Drinking Coco,Jehu Rudeforth,2611,65,1
USA,15-02-2022,Mint Chip Choco,Karlen McCaffrey,15652,53,1
New Zealand,10-01-2022,Spicy Special Slims,Curtice Advani,4074,469,1
USA,04-05-2022,White Choc,Madelene Upcott,12250,213,1
USA,23-05-2022,Spicy Special Slims,Andria Kimpton,2366,5,1
New Zealand,26-04-2022,Fruit & Nut Bars,Barr Faughny,1687,147,1
Canada,05-07-2022,Organic Choco Syrup,Oby Sorrel,1232,74,1
UK,21-07-2022,Organic Choco Syrup,Madelene Upcott,6965,163,1
USA,21-02-2022,Mint Chip Choco,Dotty Strutley,5292,248,1
USA,03-02-2022,Orange Choco,Kelci Walkden,1379,138,1
Australia,08-07-2022,Caramel Stuffed Bars,Gigi Bohling,8001,151,1
India,31-05-2022,50% Dark Bites,Mallorie Waber,588,139,1
New Zealand,27-06-2022,Mint Chip Choco,Van Tuxwell,4046,103,1
India,13-05-2022,50% Dark Bites,Van Tuxwell,5103,129,1
USA,31-05-2022,Manuka Honey Choco,Van Tuxwell,2317,102,1
USA,28-02-2022,Orange Choco,Wilone O'Kielt,7042,37,1
New Zealand,28-03-2022,Eclairs,Barr Faughny,6713,31,1
USA,14-01-2022,After Nines,Gigi Bohling,1848,227,1
New Zealand,21-02-2022,Mint Chip Choco,Barr Faughny,6440,145,1
Canada,01-08-2022,85% Dark Bars,Dennison Crosswaite,10885,90,1
New Zealand,19-05-2022,Smooth Sliky Salty,Beverie Moffet,2387,59,1
USA,13-07-2022,White Choc,Husein Augar,2030,60,1
Australia,20-04-2022,Peanut Butter Cubes,Andria Kimpton,6678,148,1
India,30-06-2022,85% Dark Bars,Dennison Crosswaite,4515,22,1
UK,08-03-2022,50% Dark Bites,Curtice Advani,3374,142,1
USA,09-03-2022,Fruit & Nut Bars,Gunar Cockshoot,5852,93,1
Canada,16-06-2022,Raspberry Choco,Oby Sorrel,1750,208,1
UK,30-06-2022,Drinking Coco,Gigi Bohling,5782,42,1
India,28-07-2022,Mint Chip Choco,Kelci Walkden,2870,120,1
Canada,12-08-2022,Peanut Butter Cubes,Karlen McCaffrey,3094,159,1
UK,07-07-2022,Mint Chip Choco,Barr Faughny,3724,316,1
USA,25-08-2022,85% Dark Bars,Barr Faughny,12761,47,1
Canada,17-01-2022,Eclairs,Husein Augar,3696,233,1
Australia,04-03-2022,70% Dark Bites,Jan Morforth,5222,384,1
New Zealand,25-08-2022,Fruit & Nut Bars,Marney O'Breen,8939,4,1
UK,15-04-2022,Peanut Butter Cubes,Ches Bonnell,2156,260,1
USA,11-03-2022,Organic Choco Syrup,Kaine Padly,2380,22,1
USA,20-05-2022,Raspberry Choco,Camilla Castle,3339,18,1
New Zealand,14-06-2022,Manuka Honey Choco,Brien Boise,14980,42,1
New Zealand,14-04-2022,After Nines,Jehu Rudeforth,1512,73,1
USA,07-07-2022,Smooth Sliky Salty,Jehu Rudeforth,6657,154,1
India,24-08-2022,Mint Chip Choco,Madelene Upcott,3836,71,1
India,24-02-2022,Eclairs,Jehu Rudeforth,8771,127,1
Canada,09-05-2022,Raspberry Choco,Karlen McCaffrey,651,224,1
Australia,08-02-2022,70% Dark Bites,Kaine Padly,6706,223,1
UK,24-03-2022,70% Dark Bites,Roddy Speechley,1421,284,1
USA,20-06-2022,Drinking Coco,Rafaelita Blaksland,8526,73,1
Canada,07-03-2022,Manuka Honey Choco,Mallorie Waber,1435,112,1
Australia,20-06-2022,Fruit & Nut Bars,Kaine Padly,7434,85,1
New Zealand,17-02-2022,Organic Choco Syrup,Oby Sorrel,15316,270,1
UK,26-01-2022,99% Dark & Pure,Madelene Upcott,10479,45,1
Australia,02-05-2022,Mint Chip Choco,Madelene Upcott,2751,153,1
Canada,07-07-2022,99% Dark & Pure,Curtice Advani,12586,7,1
Australia,22-08-2022,Baker's Choco Chips,Rafaelita Blaksland,2786,51,1
Australia,11-08-2022,After Nines,Karlen McCaffrey,2303,67,1
UK,13-01-2022,99% Dark & Pure,Marney O'Breen,8113,194,1
Australia,02-03-2022,50% Dark Bites,Gunar Cockshoot,12271,116,1
Australia,27-07-2022,Choco Coated Almonds,Marney O'Breen,11298,41,1
New Zealand,10-03-2022,Drinking Coco,Kelci Walkden,15855,111,1
USA,23-08-2022,85% Dark Bars,Beverie Moffet,12404,334,1
USA,25-04-2022,Eclairs,Roddy Speechley,3990,155,1
UK,07-03-2022,Milk Bars,Dennison Crosswaite,10808,407,1
UK,12-07-2022,Organic Choco Syrup,Wilone O'Kielt,4858,52,1
USA,16-05-2022,Orange Choco,Madelene Upcott,7742,138,1
India,02-03-2022,Smooth Sliky Salty,Gunar Cockshoot,3752,70,1
New Zealand,30-05-2022,85% Dark Bars,Marney O'Breen,1218,149,1
UK,10-06-2022,Manuka Honey Choco,Marney O'Breen,10983,179,1
USA,25-07-2022,99% Dark & Pure,Brien Boise,6769,353,1
New Zealand,09-06-2022,Mint Chip Choco,Beverie Moffet,4361,97,1
USA,12-05-2022,Milk Bars,Dennison Crosswaite,777,60,1
USA,09-05-2022,Drinking Coco,Gunar Cockshoot,3843,5,1
Canada,09-08-2022,Manuka Honey Choco,Brien Boise,6930,182,1
India,13-04-2022,Choco Coated Almonds,Van Tuxwell,5733,114,1
USA,02-05-2022,Caramel Stuffed Bars,Andria Kimpton,8393,46,1
USA,09-08-2022,99% Dark & Pure,Dotty Strutley,3822,320,1
Australia,23-08-2022,Raspberry Choco,Camilla Castle,6342,178,1
India,13-05-2022,Spicy Special Slims,Gunar Cockshoot,6510,170,1
USA,01-02-2022,Manuka Honey Choco,Karlen McCaffrey,10171,67,1
USA,23-06-2022,50% Dark Bites,Camilla Castle,5908,301,1
UK,24-05-2022,Choco Coated Almonds,Madelene Upcott,10164,134,1
Canada,01-04-2022,Mint Chip Choco,Jan Morforth,1064,211,1
Canada,27-07-2022,70% Dark Bites,Camilla Castle,9716,151,1
India,27-01-2022,Peanut Butter Cubes,Ches Bonnell,22050,208,1
India,12-08-2022,Choco Coated Almonds,Jan Morforth,2541,134,1
Canada,01-02-2022,Almond Choco,Gigi Bohling,9989,49,1
India,02-03-2022,After Nines,Rafaelita Blaksland,4739,204,1
Australia,30-06-2022,99% Dark & Pure,Kelci Walkden,3185,34,1
Australia,17-01-2022,Spicy Special Slims,Dotty Strutley,8225,91,1
USA,07-07-2022,Milk Bars,Brien Boise,14301,130,1
New Zealand,31-01-2022,Mint Chip Choco,Mallorie Waber,1316,107,1
UK,10-08-2022,99% Dark & Pure,Beverie Moffet,3486,121,1
USA,18-08-2022,Peanut Butter Cubes,Beverie Moffet,13930,339,1
New Zealand,15-06-2022,White Choc,Brien Boise,5509,321,1
USA,26-01-2022,Baker's Choco Chips,Marney O'Breen,8470,9,1
USA,29-04-2022,Spicy Special Slims,Kelci Walkden,77,69,1
Canada,03-03-2022,White Choc,Mallorie Waber,3381,72,1
Australia,22-02-2022,Almond Choco,Kaine Padly,4102,392,1
USA,04-03-2022,Smooth Sliky Salty,Oby Sorrel,3577,158,1
India,07-07-2022,Smooth Sliky Salty,Dennison Crosswaite,2975,9,1
New Zealand,17-06-2022,Caramel Stuffed Bars,Camilla Castle,4137,347,1
Canada,02-08-2022,Caramel Stuffed Bars,Jan Morforth,9541,114,1
USA,12-08-2022,Baker's Choco Chips,Oby Sorrel,8001,120,1
New Zealand,28-01-2022,Peanut Butter Cubes,Madelene Upcott,5152,333,1
Australia,29-04-2022,Orange Choco,Kelci Walkden,11116,432,1
Australia,05-04-2022,Manuka Honey Choco,Marney O'Breen,13076,236,1
Canada,18-01-2022,Manuka Honey Choco,Kaine Padly,10213,135,1
UK,16-05-2022,Baker's Choco Chips,Jehu Rudeforth,2485,97,1
Australia,24-08-2022,White Choc,Kelci Walkden,8715,168,1
India,18-01-2022,85% Dark Bars,Curtice Advani,273,402,1
USA,22-08-2022,Eclairs,Kaine Padly,7623,10,1
UK,07-03-2022,99% Dark & Pure,Gunar Cockshoot,7,84,1
UK,04-03-2022,Choco Coated Almonds,Beverie Moffet,3010,69,1
Canada,22-04-2022,Manuka Honey Choco,Dotty Strutley,11550,111,1
Australia,09-06-2022,Milk Bars,Kaine Padly,4046,89,1
Canada,25-07-2022,Fruit & Nut Bars,Jan Morforth,8904,199,1
India,03-08-2022,Smooth Sliky Salty,Jan Morforth,11298,89,1
Australia,03-08-2022,Manuka Honey Choco,Rafaelita Blaksland,4396,131,1
UK,03-05-2022,Milk Bars,Jehu Rudeforth,12068,227,1
Canada,19-01-2022,After Nines,Husein Augar,9772,301,1
USA,11-02-2022,50% Dark Bites,Roddy Speechley,10458,316,1
India,14-06-2022,Almond Choco,Van Tuxwell,6426,390,1
USA,23-03-2022,50% Dark Bites,Kelci Walkden,6188,223,1
Canada,17-02-2022,85% Dark Bars,Madelene Upcott,7504,101,1
Canada,17-03-2022,Smooth Sliky Salty,Dennison Crosswaite,1750,479,1
Australia,29-06-2022,Spicy Special Slims,Mallorie Waber,5439,287,1
Canada,24-08-2022,Choco Coated Almonds,Ches Bonnell,15547,269,1
Canada,04-07-2022,Spicy Special Slims,Gigi Bohling,11956,277,1
New Zealand,28-03-2022,Almond Choco,Roddy Speechley,2723,67,1
India,19-04-2022,Smooth Sliky Salty,Curtice Advani,19327,135,1
New Zealand,18-01-2022,Mint Chip Choco,Ches Bonnell,9058,229,1
New Zealand,17-01-2022,Fruit & Nut Bars,Van Tuxwell,2996,88,1
New Zealand,15-02-2022,Mint Chip Choco,Andria Kimpton,8848,211,1
UK,11-02-2022,Milk Bars,Andria Kimpton,14336,293,1
USA,21-03-2022,Manuka Honey Choco,Camilla Castle,16401,179,1
New Zealand,05-01-2022,Almond Choco,Gunar Cockshoot,5173,129,1
India,30-05-2022,Raspberry Choco,Brien Boise,6328,164,1
USA,04-01-2022,99% Dark & Pure,Jehu Rudeforth,2534,219,1
Australia,22-04-2022,Fruit & Nut Bars,Beverie Moffet,1435,258,1
Canada,10-02-2022,Milk Bars,Gigi Bohling,3052,116,1
India,12-08-2022,Spicy Special Slims,Dotty Strutley,910,204,1
USA,10-08-2022,Organic Choco Syrup,Gunar Cockshoot,2331,321,1
Australia,07-06-2022,Raspberry Choco,Kelci Walkden,679,56,1
India,06-06-2022,Baker's Choco Chips,Jehu Rudeforth,2086,74,1
New Zealand,05-04-2022,Baker's Choco Chips,Karlen McCaffrey,5012,189,1
USA,18-04-2022,50% Dark Bites,Wilone O'Kielt,4501,131,1
India,31-01-2022,50% Dark Bites,Andria Kimpton,13482,15,1
USA,22-08-2022,Baker's Choco Chips,Madelene Upcott,5621,140,1
Australia,25-02-2022,99% Dark & Pure,Jehu Rudeforth,10486,198,1
Australia,22-02-2022,Mint Chip Choco,Jan Morforth,17626,103,1
New Zealand,12-01-2022,Milk Bars,Oby Sorrel,4494,187,1
UK,25-05-2022,Almond Choco,Brien Boise,105,125,1
India,01-02-2022,Smooth Sliky Salty,Kelci Walkden,2464,8,1
UK,27-04-2022,Eclairs,Rafaelita Blaksland,1379,70,1
USA,22-07-2022,Smooth Sliky Salty,Gigi Bohling,2583,126,1
New Zealand,26-01-2022,Mint Chip Choco,Curtice Advani,3220,265,1
USA,24-08-2022,Mint Chip Choco,Curtice Advani,4802,296,1
New Zealand,18-01-2022,Fruit & Nut Bars,Madelene Upcott,5677,21,1
India,30-03-2022,85% Dark Bars,Karlen McCaffrey,945,83,1
Australia,17-01-2022,Caramel Stuffed Bars,Ches Bonnell,8757,162,1
USA,17-02-2022,Fruit & Nut Bars,Kelci Walkden,4816,145,1
Canada,08-04-2022,Peanut Butter Cubes,Kelci Walkden,7532,44,1
Canada,06-07-2022,Drinking Coco,Gigi Bohling,3549,82,1
India,04-04-2022,Fruit & Nut Bars,Husein Augar,4340,226,1
New Zealand,02-03-2022,Organic Choco Syrup,Jan Morforth,1799,207,1
New Zealand,09-08-2022,Raspberry Choco,Gigi Bohling,1127,176,1
Australia,09-06-2022,Milk Bars,Dennison Crosswaite,10038,286,1
UK,02-06-2022,Caramel Stuffed Bars,Ches Bonnell,2926,300,1
USA,05-07-2022,Fruit & Nut Bars,Van Tuxwell,6279,235,1
Canada,11-08-2022,Eclairs,Andria Kimpton,308,125,1
India,11-02-2022,Choco Coated Almonds,Madelene Upcott,3500,145,1
New Zealand,11-08-2022,Spicy Special Slims,Kelci Walkden,658,65,1
Australia,12-05-2022,Drinking Coco,Roddy Speechley,12565,102,1
USA,15-07-2022,Milk Bars,Wilone O'Kielt,5012,93,1
India,18-01-2022,Organic Choco Syrup,Andria Kimpton,3955,134,1
UK,05-01-2022,Fruit & Nut Bars,Madelene Upcott,8512,189,1
Australia,29-06-2022,50% Dark Bites,Curtice Advani,504,232,1
Canada,14-06-2022,Raspberry Choco,Brien Boise,2800,45,1
India,08-08-2022,Mint Chip Choco,Gunar Cockshoot,4256,67,1
India,23-03-2022,Mint Chip Choco,Dennison Crosswaite,13573,138,1
India,04-01-2022,Caramel Stuffed Bars,Barr Faughny,6566,99,1
India,22-02-2022,Milk Bars,Brien Boise,13503,251,1
UK,17-02-2022,Spicy Special Slims,Beverie Moffet,8680,252,1
USA,03-02-2022,Almond Choco,Barr Faughny,385,78,1
Canada,17-03-2022,Raspberry Choco,Van Tuxwell,1267,130,1
Australia,25-01-2022,Baker's Choco Chips,Wilone O'Kielt,2961,154,1
Australia,27-07-2022,Milk Bars,Brien Boise,1981,52,1
Australia,28-01-2022,Fruit & Nut Bars,Husein Augar,7959,53,1
Australia,05-07-2022,Organic Choco Syrup,Madelene Upcott,10794,50,1
India,15-03-2022,White Choc,Van Tuxwell,1897,44,1
Canada,04-08-2022,After Nines,Gunar Cockshoot,2744,200,1
USA,27-06-2022,Fruit & Nut Bars,Jan Morforth,4382,361,1
Canada,13-07-2022,After Nines,Jan Morforth,4515,172,1
New Zealand,24-02-2022,Manuka Honey Choco,Barr Faughny,5474,239,1
New Zealand,28-06-2022,85% Dark Bars,Karlen McCaffrey,6069,55,1
Australia,30-06-2022,85% Dark Bars,Oby Sorrel,6944,27,1
Canada,18-08-2022,Choco Coated Almonds,Curtice Advani,5859,7,1
India,24-01-2022,70% Dark Bites,Kaine Padly,12173,301,1
USA,11-03-2022,White Choc,Beverie Moffet,5292,134,1
New Zealand,23-06-2022,After Nines,Ches Bonnell,5705,350,1
India,22-08-2022,Spicy Special Slims,Husein Augar,2492,33,1
Canada,04-01-2022,50% Dark Bites,Gunar Cockshoot,3024,23,1
India,05-04-2022,Milk Bars,Curtice Advani,3437,201,1
India,15-04-2022,Milk Bars,Beverie Moffet,1869,323,1
Australia,11-05-2022,White Choc,Husein Augar,3171,220,1
Canada,21-07-2022,Manuka Honey Choco,Andria Kimpton,4858,488,1
New Zealand,11-02-2022,Orange Choco,Jan Morforth,1225,84,1
Canada,08-07-2022,Smooth Sliky Salty,Andria Kimpton,1155,79,1
UK,11-08-2022,Raspberry Choco,Gunar Cockshoot,6811,344,1
New Zealand,04-08-2022,After Nines,Husein Augar,6433,7,1
New Zealand,14-06-2022,Orange Choco,Andria Kimpton,8169,88,1
UK,17-01-2022,Baker's Choco Chips,Dennison Crosswaite,2275,275,1
Canada,23-06-2022,Orange Choco,Jehu Rudeforth,3857,512,1
UK,24-08-2022,Smooth Sliky Salty,Jehu Rudeforth,1463,113,1
UK,07-06-2022,Caramel Stuffed Bars,Andria Kimpton,7924,275,1
UK,22-06-2022,White Choc,Jan Morforth,8799,47,1
USA,13-07-2022,Fruit & Nut Bars,Dotty Strutley,2898,276,1
UK,24-05-2022,Choco Coated Almonds,Kelci Walkden,9506,212,1
New Zealand,09-08-2022,After Nines,Gunar Cockshoot,7175,145,1
Canada,06-04-2022,85% Dark Bars,Kaine Padly,1729,31,1
New Zealand,28-07-2022,Manuka Honey Choco,Jan Morforth,1589,271,1
New Zealand,24-08-2022,Raspberry Choco,Gunar Cockshoot,630,52,1
Australia,17-01-2022,99% Dark & Pure,Van Tuxwell,112,128,1
USA,07-02-2022,Drinking Coco,Curtice Advani,5187,142,1
Australia,09-05-2022,Spicy Special Slims,Brien Boise,6223,256,1
New Zealand,06-06-2022,85% Dark Bars,Mallorie Waber,7714,106,1
USA,06-06-2022,Choco Coated Almonds,Wilone O'Kielt,9457,6,1
New Zealand,24-05-2022,Organic Choco Syrup,Beverie Moffet,6678,226,1
UK,13-01-2022,50% Dark Bites,Gunar Cockshoot,2107,121,1
USA,23-05-2022,Raspberry Choco,Marney O'Breen,6069,151,1
UK,29-06-2022,White Choc,Jehu Rudeforth,1862,284,1
New Zealand,11-03-2022,85% Dark Bars,Jehu Rudeforth,6972,89,1
USA,25-04-2022,85% Dark Bars,Dotty Strutley,10220,508,1
Australia,30-05-2022,Smooth Sliky Salty,Rafaelita Blaksland,3969,243,1
India,23-05-2022,Manuka Honey Choco,Curtice Advani,1547,170,1
USA,23-05-2022,Peanut Butter Cubes,Mallorie Waber,1162,18,1
Canada,24-06-2022,Peanut Butter Cubes,Van Tuxwell,6342,282,1
New Zealand,11-03-2022,Smooth Sliky Salty,Kelci Walkden,10633,277,1
USA,27-07-2022,Smooth Sliky Salty,Rafaelita Blaksland,15057,212,1
USA,16-08-2022,White Choc,Rafaelita Blaksland,4704,126,1
Canada,07-03-2022,Smooth Sliky Salty,Roddy Speechley,9338,11,1
New Zealand,05-04-2022,After Nines,Curtice Advani,7959,30,1
India,04-05-2022,85% Dark Bars,Camilla Castle,9023,51,1
USA,04-01-2022,Choco Coated Almonds,Ches Bonnell,14525,92,1
Australia,13-01-2022,Baker's Choco Chips,Marney O'Breen,5810,101,1
New Zealand,11-07-2022,Fruit & Nut Bars,Wilone O'Kielt,6426,98,1
Australia,17-05-2022,Mint Chip Choco,Kaine Padly,4403,159,1
New Zealand,21-07-2022,Peanut Butter Cubes,Camilla Castle,1582,62,1
Canada,22-02-2022,Organic Choco Syrup,Curtice Advani,791,22,1
India,23-05-2022,99% Dark & Pure,Jan Morforth,9100,187,1
Canada,12-07-2022,Drinking Coco,Rafaelita Blaksland,9884,200,1
UK,15-06-2022,Orange Choco,Jan Morforth,3780,201,1
New Zealand,23-06-2022,50% Dark Bites,Barr Faughny,4557,308,1
Australia,25-03-2022,Eclairs,Curtice Advani,5796,55,1
India,04-07-2022,Caramel Stuffed Bars,Jan Morforth,84,153,1
UK,12-05-2022,White Choc,Andria Kimpton,9037,101,1
New Zealand,04-04-2022,Raspberry Choco,Camilla Castle,4746,137,1
Australia,15-04-2022,Orange Choco,Madelene Upcott,6713,398,1
Canada,08-03-2022,Eclairs,Roddy Speechley,6237,88,1
India,17-01-2022,White Choc,Karlen McCaffrey,7483,232,1
India,22-08-2022,Mint Chip Choco,Wilone O'Kielt,1309,51,1
UK,25-07-2022,99% Dark & Pure,Andria Kimpton,1155,66,1
UK,14-06-2022,50% Dark Bites,Marney O'Breen,2989,124,1
India,05-04-2022,Choco Coated Almonds,Ches Bonnell,9625,78,1
UK,26-08-2022,Raspberry Choco,Madelene Upcott,7357,341,1
Australia,03-08-2022,50% Dark Bites,Wilone O'Kielt,10031,114,1
Canada,11-07-2022,White Choc,Gigi Bohling,6587,4,1
New Zealand,11-03-2022,Eclairs,Wilone O'Kielt,3311,22,1
UK,10-01-2022,Peanut Butter Cubes,Brien Boise,15330,30,1
UK,04-04-2022,Baker's Choco Chips,Roddy Speechley,14028,351,1
Australia,17-01-2022,50% Dark Bites,Karlen McCaffrey,6678,708,1
New Zealand,08-07-2022,Organic Choco Syrup,Marney O'Breen,8624,50,1
UK,12-04-2022,Organic Choco Syrup,Jan Morforth,1197,356,1
Canada,24-08-2022,Fruit & Nut Bars,Rafaelita Blaksland,483,185,1
UK,07-06-2022,Choco Coated Almonds,Ches Bonnell,1687,236,1
Canada,28-07-2022,Almond Choco,Gunar Cockshoot,1309,30,1
USA,21-02-2022,99% Dark & Pure,Husein Augar,9534,111,1
Canada,08-04-2022,Mint Chip Choco,Dennison Crosswaite,1694,289,1
UK,28-06-2022,Manuka Honey Choco,Brien Boise,70,103,1
UK,24-03-2022,Baker's Choco Chips,Van Tuxwell,2443,20,1
Australia,29-07-2022,Caramel Stuffed Bars,Barr Faughny,2933,55,1
USA,25-05-2022,Eclairs,Dennison Crosswaite,2044,90,1
Australia,30-03-2022,Raspberry Choco,Gigi Bohling,6524,303,1
USA,18-07-2022,Organic Choco Syrup,Dennison Crosswaite,12656,126,1
Canada,10-05-2022,Orange Choco,Beverie Moffet,8722,109,1
Australia,18-03-2022,Choco Coated Almonds,Mallorie Waber,15750,92,1
India,15-06-2022,Caramel Stuffed Bars,Ches Bonnell,6839,56,1
Canada,12-05-2022,50% Dark Bites,Van Tuxwell,13685,58,1
New Zealand,23-06-2022,Baker's Choco Chips,Kelci Walkden,2912,110,1
India,21-04-2022,Spicy Special Slims,Beverie Moffet,3339,171,1
Australia,17-08-2022,Almond Choco,Gigi Bohling,910,117,1
New Zealand,07-02-2022,Eclairs,Rafaelita Blaksland,19481,51,1
Canada,17-03-2022,Smooth Sliky Salty,Kelci Walkden,8099,118,1
India,01-08-2022,Baker's Choco Chips,Jan Morforth,13727,79,1
Australia,18-03-2022,Milk Bars,Jehu Rudeforth,8659,29,1
Canada,14-06-2022,Fruit & Nut Bars,Gigi Bohling,5782,103,1
UK,22-04-2022,Eclairs,Beverie Moffet,8463,155,1
New Zealand,18-01-2022,Eclairs,Marney O'Breen,4914,31,1
Australia,26-08-2022,99% Dark & Pure,Husein Augar,3087,128,1
New Zealand,10-06-2022,Fruit & Nut Bars,Gunar Cockshoot,9205,419,1
Canada,31-01-2022,70% Dark Bites,Curtice Advani,2303,7,1
New Zealand,08-04-2022,Manuka Honey Choco,Kelci Walkden,1358,106,1
Australia,07-06-2022,Baker's Choco Chips,Dotty Strutley,3605,68,1
Australia,10-02-2022,85% Dark Bars,Barr Faughny,8498,44,1
Australia,16-05-2022,50% Dark Bites,Beverie Moffet,700,457,1
India,18-03-2022,Baker's Choco Chips,Gunar Cockshoot,2191,524,1
Australia,13-07-2022,50% Dark Bites,Van Tuxwell,644,137,1
USA,25-07-2022,Manuka Honey Choco,Oby Sorrel,4340,86,1
Canada,19-08-2022,Choco Coated Almonds,Van Tuxwell,2282,296,1
Canada,24-06-2022,70% Dark Bites,Karlen McCaffrey,7714,597,1
Canada,20-06-2022,Fruit & Nut Bars,Kelci Walkden,826,149,1
India,02-08-2022,99% Dark & Pure,Camilla Castle,203,207,1
New Zealand,22-02-2022,70% Dark Bites,Madelene Upcott,13356,93,1
New Zealand,01-02-2022,Orange Choco,Mallorie Waber,6510,23,1
Canada,14-02-2022,70% Dark Bites,Jan Morforth,5894,305,1
Australia,24-02-2022,Milk Bars,Kelci Walkden,7910,125,1
India,18-03-2022,Orange Choco,Dennison Crosswaite,784,129,1
UK,30-08-2022,Eclairs,Husein Augar,1750,252,1
USA,09-05-2022,Peanut Butter Cubes,Gigi Bohling,280,75,1
USA,18-01-2022,Smooth Sliky Salty,Wilone O'Kielt,504,87,1
India,04-07-2022,White Choc,Curtice Advani,7154,342,1
New Zealand,03-06-2022,Spicy Special Slims,Oby Sorrel,1617,13,1
New Zealand,23-02-2022,Peanut Butter Cubes,Beverie Moffet,10822,30,1
New Zealand,09-05-2022,99% Dark & Pure,Dotty Strutley,10724,203,1
India,06-06-2022,70% Dark Bites,Kelci Walkden,3640,106,1
India,04-07-2022,Drinking Coco,Kelci Walkden,7532,234,1
New Zealand,06-06-2022,Drinking Coco,Brien Boise,1582,100,1
Australia,13-05-2022,Almond Choco,Dotty Strutley,1456,91,1
New Zealand,31-01-2022,Organic Choco Syrup,Wilone O'Kielt,2016,277,1
New Zealand,30-06-2022,Caramel Stuffed Bars,Ches Bonnell,7588,42,1
Canada,25-08-2022,Manuka Honey Choco,Barr Faughny,3402,249,1
New Zealand,10-01-2022,Smooth Sliky Salty,Gigi Bohling,700,97,1
USA,22-08-2022,Manuka Honey Choco,Brien Boise,1904,8,1
New Zealand,14-04-2022,85% Dark Bars,Roddy Speechley,4844,275,1
UK,31-05-2022,Smooth Sliky Salty,Oby Sorrel,9625,313,1
UK,08-04-2022,Raspberry Choco,Oby Sorrel,4599,323,1
USA,21-02-2022,Drinking Coco,Roddy Speechley,3003,155,1
Australia,30-03-2022,Manuka Honey Choco,Andria Kimpton,9744,377,1
India,02-03-2022,Raspberry Choco,Mallorie Waber,1400,2,1
USA,28-07-2022,Orange Choco,Jehu Rudeforth,364,170,1
New Zealand,24-03-2022,70% Dark Bites,Kaine Padly,7231,38,1
Australia,11-08-2022,After Nines,Curtice Advani,63,105,1
UK,17-05-2022,Almond Choco,Husein Augar,8309,166,1
Canada,18-05-2022,Choco Coated Almonds,Kaine Padly,3164,164,1
UK,17-08-2022,Peanut Butter Cubes,Roddy Speechley,5691,171,1
New Zealand,04-04-2022,Eclairs,Ches Bonnell,490,49,1
India,09-08-2022,85% Dark Bars,Brien Boise,18032,205,1
New Zealand,17-01-2022,Organic Choco Syrup,Brien Boise,637,313,1
Canada,14-02-2022,White Choc,Andria Kimpton,4067,29,1
New Zealand,16-05-2022,Orange Choco,Gigi Bohling,8204,307,1
Canada,16-03-2022,Smooth Sliky Salty,Ches Bonnell,9870,121,1
Canada,31-01-2022,70% Dark Bites,Husein Augar,5131,285,1
Canada,10-03-2022,Organic Choco Syrup,Barr Faughny,1141,205,1
UK,30-06-2022,Organic Choco Syrup,Oby Sorrel,7980,157,1
New Zealand,01-03-2022,Eclairs,Van Tuxwell,5229,182,1
UK,27-05-2022,Drinking Coco,Mallorie Waber,3423,100,1
UK,11-07-2022,Milk Bars,Oby Sorrel,6468,223,1
New Zealand,02-03-2022,Mint Chip Choco,Karlen McCaffrey,4326,61,1
USA,04-03-2022,Raspberry Choco,Jehu Rudeforth,7154,133,1
UK,23-06-2022,85% Dark Bars,Kelci Walkden,3997,228,1
USA,27-01-2022,Almond Choco,Kelci Walkden,5180,233,1
Canada,14-01-2022,Orange Choco,Marney O'Breen,2723,425,1
India,29-07-2022,Fruit & Nut Bars,Dennison Crosswaite,952,24,1
Canada,13-05-2022,Smooth Sliky Salty,Brien Boise,5691,495,1
Canada,03-02-2022,Baker's Choco Chips,Barr Faughny,10969,170,1
India,27-05-2022,Smooth Sliky Salty,Brien Boise,5964,26,1
Australia,18-02-2022,Drinking Coco,Jan Morforth,2821,24,1
India,28-01-2022,Spicy Special Slims,Brien Boise,1302,33,1
UK,29-06-2022,Eclairs,Van Tuxwell,5474,109,1
India,13-01-2022,Caramel Stuffed Bars,Wilone O'Kielt,4179,276,1
UK,27-06-2022,After Nines,Jehu Rudeforth,1946,164,1
Canada,29-03-2022,White Choc,Barr Faughny,4291,1,1
India,03-06-2022,Organic Choco Syrup,Gunar Cockshoot,7196,160,1
Canada,21-03-2022,Smooth Sliky Salty,Mallorie Waber,1939,98,1
India,12-04-2022,Eclairs,Mallorie Waber,10437,46,1
Australia,19-01-2022,Raspberry Choco,Rafaelita Blaksland,6916,259,1
UK,06-04-2022,50% Dark Bites,Karlen McCaffrey,3647,310,1
Australia,02-08-2022,50% Dark Bites,Kaine Padly,8995,78,1
Australia,12-04-2022,Eclairs,Gigi Bohling,7252,136,1
India,21-07-2022,Drinking Coco,Oby Sorrel,16380,130,1
New Zealand,22-03-2022,Baker's Choco Chips,Van Tuxwell,9660,24,1
India,09-05-2022,Peanut Butter Cubes,Husein Augar,4522,5,1
Australia,09-08-2022,Baker's Choco Chips,Andria Kimpton,329,109,1
Canada,20-07-2022,Choco Coated Almonds,Madelene Upcott,3458,294,1
India,14-04-2022,70% Dark Bites,Brien Boise,4641,413,1
Canada,25-01-2022,White Choc,Jehu Rudeforth,4627,136,1
Australia,25-04-2022,Almond Choco,Andria Kimpton,3192,175,1
Canada,17-01-2022,After Nines,Dotty Strutley,252,237,1
USA,15-08-2022,Eclairs,Karlen McCaffrey,868,125,1
Canada,02-06-2022,Fruit & Nut Bars,Karlen McCaffrey,210,16,1
USA,30-06-2022,85% Dark Bars,Gunar Cockshoot,7007,135,1
New Zealand,10-02-2022,Raspberry Choco,Dotty Strutley,5845,91,1
Canada,23-02-2022,Caramel Stuffed Bars,Marney O'Breen,1372,614,1
India,27-01-2022,Organic Choco Syrup,Dennison Crosswaite,8428,216,1
UK,26-05-2022,Mint Chip Choco,Camilla Castle,4977,317,1
USA,14-04-2022,70% Dark Bites,Brien Boise,1694,21,1
Australia,01-08-2022,99% Dark & Pure,Madelene Upcott,4326,154,1
Australia,22-08-2022,Eclairs,Mallorie Waber,9527,222,1
India,22-07-2022,99% Dark & Pure,Marney O'Breen,10766,157,1
USA,28-04-2022,Fruit & Nut Bars,Husein Augar,1288,27,1
Australia,30-05-2022,Almond Choco,Kelci Walkden,4879,350,1
USA,21-07-2022,Milk Bars,Ches Bonnell,2408,157,1
UK,02-08-2022,Caramel Stuffed Bars,Jan Morforth,3094,468,1
New Zealand,15-06-2022,70% Dark Bites,Brien Boise,7231,130,1
India,05-07-2022,85% Dark Bars,Oby Sorrel,8981,130,1
New Zealand,12-04-2022,Smooth Sliky Salty,Kaine Padly,7,518,1
Australia,18-08-2022,70% Dark Bites,Gigi Bohling,1372,105,1
UK,12-01-2022,50% Dark Bites,Jan Morforth,5250,293,1
Canada,11-08-2022,White Choc,Gunar Cockshoot,7560,15,1
Australia,13-01-2022,Spicy Special Slims,Jehu Rudeforth,5012,384,1
UK,29-04-2022,Baker's Choco Chips,Husein Augar,3038,135,1
New Zealand,07-07-2022,After Nines,Rafaelita Blaksland,1099,92,1
New Zealand,11-03-2022,Mint Chip Choco,Madelene Upcott,7413,4,1
UK,16-02-2022,70% Dark Bites,Madelene Upcott,5397,239,1
Australia,07-01-2022,Organic Choco Syrup,Barr Faughny,2303,33,1
New Zealand,12-01-2022,Drinking Coco,Beverie Moffet,1141,518,1
India,09-06-2022,Eclairs,Beverie Moffet,10325,147,1
India,16-05-2022,Eclairs,Andria Kimpton,2149,84,1
UK,23-06-2022,85% Dark Bars,Gigi Bohling,12362,94,1
UK,28-01-2022,Raspberry Choco,Roddy Speechley,12635,194,1
UK,14-07-2022,Mint Chip Choco,Dotty Strutley,2443,216,1
Canada,18-04-2022,Drinking Coco,Barr Faughny,6237,247,1
USA,14-06-2022,Milk Bars,Oby Sorrel,1736,79,1
UK,15-04-2022,Orange Choco,Oby Sorrel,7315,237,1
Canada,19-05-2022,Peanut Butter Cubes,Curtice Advani,4935,63,1
India,13-04-2022,White Choc,Gigi Bohling,1393,172,1
Canada,15-08-2022,Choco Coated Almonds,Husein Augar,3381,408,1
India,22-08-2022,Choco Coated Almonds,Wilone O'Kielt,2933,233,1
New Zealand,22-04-2022,Baker's Choco Chips,Wilone O'Kielt,3836,59,1
UK,03-08-2022,Choco Coated Almonds,Kaine Padly,8022,123,1
New Zealand,04-01-2022,Organic Choco Syrup,Dennison Crosswaite,371,229,1
Canada,13-01-2022,After Nines,Kelci Walkden,16702,198,1
Australia,11-05-2022,Baker's Choco Chips,Van Tuxwell,13258,32,1
New Zealand,16-02-2022,Peanut Butter Cubes,Husein Augar,2058,236,1
UK,20-05-2022,Caramel Stuffed Bars,Kaine Padly,10192,67,1
UK,03-02-2022,Drinking Coco,Jehu Rudeforth,7140,438,1
India,06-05-2022,Manuka Honey Choco,Beverie Moffet,9835,167,1
UK,30-06-2022,Choco Coated Almonds,Gunar Cockshoot,5775,135,1
UK,22-03-2022,Smooth Sliky Salty,Gunar Cockshoot,749,148,1
Canada,17-02-2022,Orange Choco,Camilla Castle,7770,54,1
UK,07-07-2022,85% Dark Bars,Jehu Rudeforth,5502,64,1
UK,16-03-2022,70% Dark Bites,Oby Sorrel,6223,181,1
UK,12-08-2022,99% Dark & Pure,Kelci Walkden,3507,114,1
New Zealand,21-01-2022,After Nines,Gigi Bohling,5600,181,1
Australia,06-05-2022,50% Dark Bites,Oby Sorrel,721,151,1
Canada,24-06-2022,50% Dark Bites,Oby Sorrel,6615,137,1
USA,05-05-2022,White Choc,Barr Faughny,7420,163,1
New Zealand,25-03-2022,99% Dark & Pure,Rafaelita Blaksland,3164,84,1
Australia,14-02-2022,Caramel Stuffed Bars,Curtice Advani,9114,140,1
New Zealand,12-05-2022,85% Dark Bars,Curtice Advani,5404,187,1
New Zealand,25-01-2022,Smooth Sliky Salty,Barr Faughny,3990,169,1
UK,28-06-2022,85% Dark Bars,Ches Bonnell,14924,12,1
Australia,13-07-2022,Drinking Coco,Dennison Crosswaite,7091,194,1
USA,16-05-2022,Milk Bars,Roddy Speechley,2807,252,1
India,14-03-2022,After Nines,Jan Morforth,6496,168,1
USA,15-08-2022,After Nines,Gunar Cockshoot,3738,261,1
India,16-02-2022,Orange Choco,Ches Bonnell,1190,256,1
UK,15-06-2022,Manuka Honey Choco,Mallorie Waber,8379,43,1
Australia,27-05-2022,Raspberry Choco,Barr Faughny,9268,100,1
USA,14-06-2022,Drinking Coco,Wilone O'Kielt,1029,98,1
India,25-02-2022,Eclairs,Wilone O'Kielt,3549,76,1
India,04-08-2022,After Nines,Wilone O'Kielt,12026,262,1
India,28-06-2022,99% Dark & Pure,Kelci Walkden,2303,244,1
Canada,05-04-2022,Spicy Special Slims,Gunar Cockshoot,13405,12,1
Canada,05-07-2022,Peanut Butter Cubes,Madelene Upcott,14763,113,1
New Zealand,20-01-2022,Eclairs,Kaine Padly,12894,48,1
New Zealand,16-02-2022,Drinking Coco,Ches Bonnell,8302,131,1
UK,12-07-2022,Drinking Coco,Curtice Advani,455,174,1
India,16-06-2022,Raspberry Choco,Kelci Walkden,8183,254,1
Australia,13-04-2022,Choco Coated Almonds,Dotty Strutley,1645,284,1
UK,21-02-2022,50% Dark Bites,Kaine Padly,3143,67,1
Canada,11-05-2022,Choco Coated Almonds,Roddy Speechley,5873,249,1
India,15-04-2022,50% Dark Bites,Ches Bonnell,11298,313,1
Canada,07-06-2022,Peanut Butter Cubes,Oby Sorrel,12425,167,1
UK,27-06-2022,White Choc,Oby Sorrel,1715,286,1
India,29-07-2022,After Nines,Barr Faughny,8190,109,1
Canada,02-06-2022,Smooth Sliky Salty,Wilone O'Kielt,4991,166,1
India,26-01-2022,Mint Chip Choco,Rafaelita Blaksland,15491,85,1
Canada,02-03-2022,99% Dark & Pure,Rafaelita Blaksland,5096,142,1
Australia,10-01-2022,70% Dark Bites,Van Tuxwell,7063,104,1
USA,27-06-2022,70% Dark Bites,Beverie Moffet,2275,115,1
Canada,30-06-2022,Orange Choco,Barr Faughny,7602,18,1
Australia,08-07-2022,85% Dark Bars,Roddy Speechley,4200,80,1
India,08-06-2022,Spicy Special Slims,Oby Sorrel,11137,88,1
UK,18-08-2022,Manuka Honey Choco,Jan Morforth,3388,212,1
Australia,08-04-2022,After Nines,Kaine Padly,6832,306,1
Canada,08-08-2022,Fruit & Nut Bars,Wilone O'Kielt,3437,181,1
UK,26-08-2022,Milk Bars,Wilone O'Kielt,301,65,1
Canada,14-01-2022,Fruit & Nut Bars,Oby Sorrel,1869,158,1
USA,11-08-2022,Baker's Choco Chips,Dennison Crosswaite,17465,271,1
USA,31-05-2022,Almond Choco,Madelene Upcott,10143,24,1
New Zealand,11-07-2022,50% Dark Bites,Van Tuxwell,3626,10,1
Canada,02-03-2022,Caramel Stuffed Bars,Karlen McCaffrey,3346,304,1
Australia,13-07-2022,Raspberry Choco,Madelene Upcott,6321,88,1
UK,03-08-2022,Spicy Special Slims,Rafaelita Blaksland,9345,133,1
UK,01-03-2022,Peanut Butter Cubes,Curtice Advani,15008,165,1
New Zealand,13-04-2022,White Choc,Kelci Walkden,7609,150,1
Canada,14-02-2022,Fruit & Nut Bars,Beverie Moffet,10332,180,1
India,26-07-2022,White Choc,Mallorie Waber,819,213,1
UK,27-01-2022,Drinking Coco,Brien Boise,5754,133,1
India,14-04-2022,Peanut Butter Cubes,Jehu Rudeforth,28,446,1
USA,19-05-2022,Almond Choco,Oby Sorrel,6440,141,1
India,09-02-2022,Eclairs,Husein Augar,4956,58,1
UK,25-05-2022,Spicy Special Slims,Brien Boise,2352,58,1
Australia,26-01-2022,Manuka Honey Choco,Oby Sorrel,3906,76,1
India,04-07-2022,White Choc,Beverie Moffet,1813,296,1
India,13-04-2022,Almond Choco,Ches Bonnell,11788,73,1
Australia,25-01-2022,Smooth Sliky Salty,Gigi Bohling,5768,119,1
USA,25-04-2022,85% Dark Bars,Camilla Castle,2401,78,1
USA,10-06-2022,Eclairs,Camilla Castle,4515,392,1
New Zealand,22-08-2022,White Choc,Madelene Upcott,10794,51,1
India,27-06-2022,After Nines,Van Tuxwell,13706,207,1
India,30-06-2022,Orange Choco,Husein Augar,4361,40,1
India,30-08-2022,Almond Choco,Jehu Rudeforth,10122,100,1
Australia,23-08-2022,Raspberry Choco,Karlen McCaffrey,994,57,1
New Zealand,26-08-2022,99% Dark & Pure,Camilla Castle,2268,42,1
Australia,09-03-2022,Orange Choco,Gigi Bohling,574,156,1
UK,20-04-2022,Drinking Coco,Kelci Walkden,1792,23,1
Canada,10-06-2022,Caramel Stuffed Bars,Mallorie Waber,4844,539,1
Australia,08-02-2022,Organic Choco Syrup,Husein Augar,938,158,1
Australia,25-08-2022,White Choc,Brien Boise,4879,22,1
India,16-02-2022,Peanut Butter Cubes,Dotty Strutley,9107,73,1
UK,30-05-2022,99% Dark & Pure,Dennison Crosswaite,12187,27,1
New Zealand,29-06-2022,50% Dark Bites,Gigi Bohling,5670,64,1
USA,16-06-2022,Milk Bars,Gigi Bohling,476,133,1
UK,04-03-2022,Caramel Stuffed Bars,Brien Boise,2681,149,1
New Zealand,15-03-2022,Peanut Butter Cubes,Curtice Advani,1533,434,1
New Zealand,27-01-2022,50% Dark Bites,Curtice Advani,9765,85,1
Canada,05-07-2022,Drinking Coco,Beverie Moffet,994,118,1
USA,29-03-2022,Caramel Stuffed Bars,Barr Faughny,3318,299,1
Canada,12-05-2022,Almond Choco,Mallorie Waber,4214,35,1
USA,11-03-2022,Drinking Coco,Oby Sorrel,7714,44,1
New Zealand,11-07-2022,Eclairs,Brien Boise,4690,299,1
New Zealand,01-08-2022,Choco Coated Almonds,Gunar Cockshoot,13062,62,1
UK,16-02-2022,Spicy Special Slims,Gunar Cockshoot,12488,200,1
USA,13-04-2022,After Nines,Curtice Advani,14147,235,1
India,14-02-2022,Choco Coated Almonds,Oby Sorrel,49,363,1
Australia,14-03-2022,Peanut Butter Cubes,Ches Bonnell,10199,68,1
Australia,26-04-2022,Spicy Special Slims,Oby Sorrel,11389,26,1
Canada,05-04-2022,Manuka Honey Choco,Jehu Rudeforth,3584,200,1
Australia,15-04-2022,70% Dark Bites,Madelene Upcott,3710,260,1
Australia,18-08-2022,99% Dark & Pure,Gunar Cockshoot,7952,235,1
Australia,26-01-2022,99% Dark & Pure,Karlen McCaffrey,10822,168,1
Australia,14-02-2022,After Nines,Jehu Rudeforth,5250,47,1
Australia,11-01-2022,Baker's Choco Chips,Dennison Crosswaite,13846,421,1
Australia,08-04-2022,Choco Coated Almonds,Ches Bonnell,1470,167,1
Australia,04-05-2022,Drinking Coco,Kelci Walkden,1288,60,1
Australia,13-01-2022,Mint Chip Choco,Van Tuxwell,2674,295,1
Australia,15-07-2022,Organic Choco Syrup,Brien Boise,4263,264,1
Australia,04-07-2022,Organic Choco Syrup,Roddy Speechley,3647,76,1
Australia,19-08-2022,Peanut Butter Cubes,Brien Boise,301,205,1
Australia,25-04-2022,Raspberry Choco,Mallorie Waber,8400,27,1
Australia,11-02-2022,Smooth Sliky Salty,Mallorie Waber,4158,109,1
Australia,04-01-2022,Smooth Sliky Salty,Wilone O'Kielt,2226,46,1
Australia,17-05-2022,Spicy Special Slims,Karlen McCaffrey,4410,323,1
Australia,05-07-2022,White Choc,Dotty Strutley,6055,93,1
Australia,21-03-2022,White Choc,Rafaelita Blaksland,6818,102,1
Canada,08-04-2022,70% Dark Bites,Andria Kimpton,10262,15,1
Canada,02-06-2022,70% Dark Bites,Van Tuxwell,7077,77,1
Canada,16-02-2022,85% Dark Bars,Beverie Moffet,6139,45,1
Canada,22-08-2022,After Nines,Kaine Padly,5845,172,1
Canada,12-08-2022,Almond Choco,Kaine Padly,6055,73,1
Canada,03-03-2022,Drinking Coco,Camilla Castle,12481,264,1
Canada,10-01-2022,Drinking Coco,Dennison Crosswaite,2702,24,1
Canada,17-05-2022,Drinking Coco,Roddy Speechley,6776,312,1
Canada,15-06-2022,Drinking Coco,Van Tuxwell,4900,709,1
Canada,06-05-2022,Eclairs,Curtice Advani,721,203,1
Canada,19-05-2022,Eclairs,Oby Sorrel,6111,591,1
Canada,26-04-2022,Milk Bars,Madelene Upcott,3612,82,1
Canada,27-04-2022,Orange Choco,Oby Sorrel,8757,338,1
Canada,26-07-2022,Organic Choco Syrup,Ches Bonnell,574,217,1
Canada,28-01-2022,Organic Choco Syrup,Dennison Crosswaite,8491,75,1
Canada,29-03-2022,Organic Choco Syrup,Kaine Padly,5684,81,1
Canada,16-02-2022,Peanut Butter Cubes,Andria Kimpton,1127,319,1
Canada,08-03-2022,Peanut Butter Cubes,Marney O'Breen,6594,91,1
Canada,02-05-2022,Spicy Special Slims,Rafaelita Blaksland,2520,156,1
Canada,05-04-2022,White Choc,Roddy Speechley,5887,268,1
India,14-03-2022,50% Dark Bites,Roddy Speechley,8337,12,1
India,23-05-2022,70% Dark Bites,Karlen McCaffrey,5075,344,1
India,16-02-2022,99% Dark & Pure,Ches Bonnell,455,96,1
India,17-01-2022,After Nines,Andria Kimpton,952,68,1
India,24-05-2022,Almond Choco,Beverie Moffet,3066,96,1
India,28-07-2022,Caramel Stuffed Bars,Gunar Cockshoot,2471,202,1
India,08-08-2022,Drinking Coco,Camilla Castle,469,163,1
India,31-05-2022,Drinking Coco,Roddy Speechley,4494,11,1
India,28-07-2022,Eclairs,Dotty Strutley,2086,384,1
India,21-07-2022,Eclairs,Van Tuxwell,10500,106,1
India,12-01-2022,Mint Chip Choco,Barr Faughny,7413,465,1
India,03-03-2022,Mint Chip Choco,Curtice Advani,8155,96,1
India,14-04-2022,Mint Chip Choco,Dotty Strutley,1260,239,1
India,30-05-2022,Orange Choco,Andria Kimpton,301,421,1
India,23-06-2022,Organic Choco Syrup,Beverie Moffet,1036,20,1
India,15-06-2022,Raspberry Choco,Husein Augar,9954,154,1
India,22-03-2022,Spicy Special Slims,Roddy Speechley,10647,173,1
New Zealand,14-02-2022,70% Dark Bites,Marney O'Breen,8603,352,1
New Zealand,08-08-2022,85% Dark Bars,Camilla Castle,15099,55,1
New Zealand,01-02-2022,85% Dark Bars,Oby Sorrel,3381,417,1
New Zealand,24-05-2022,99% Dark & Pure,Barr Faughny,8134,195,1
New Zealand,18-04-2022,99% Dark & Pure,Roddy Speechley,7483,183,1
New Zealand,04-05-2022,After Nines,Mallorie Waber,483,228,1
New Zealand,05-04-2022,Almond Choco,Andria Kimpton,6559,158,1
New Zealand,18-05-2022,Milk Bars,Jehu Rudeforth,2478,188,1
New Zealand,29-03-2022,Milk Bars,Madelene Upcott,12558,403,1
New Zealand,04-08-2022,Orange Choco,Dotty Strutley,2030,146,1
New Zealand,07-06-2022,Spicy Special Slims,Beverie Moffet,63,60,1
UK,09-02-2022,50% Dark Bites,Beverie Moffet,2499,271,1
UK,16-02-2022,50% Dark Bites,Rafaelita Blaksland,10150,68,1
UK,05-07-2022,After Nines,Husein Augar,3507,380,1
UK,21-01-2022,After Nines,Kaine Padly,18697,176,1
UK,06-07-2022,Almond Choco,Jan Morforth,9744,157,1
UK,06-06-2022,Almond Choco,Van Tuxwell,10689,204,1
UK,11-03-2022,Baker's Choco Chips,Jan Morforth,721,251,1
UK,10-08-2022,Caramel Stuffed Bars,Dotty Strutley,5768,235,1
UK,27-01-2022,Drinking Coco,Kaine Padly,2317,224,1
UK,29-03-2022,Drinking Coco,Marney O'Breen,973,28,1
UK,13-05-2022,Fruit & Nut Bars,Jehu Rudeforth,8589,229,1
UK,07-02-2022,Manuka Honey Choco,Curtice Advani,1666,106,1
UK,02-03-2022,Milk Bars,Barr Faughny,3864,430,1
UK,19-07-2022,Peanut Butter Cubes,Camilla Castle,4872,126,1
UK,12-08-2022,Peanut Butter Cubes,Madelene Upcott,7756,85,1
UK,26-04-2022,Smooth Sliky Salty,Dennison Crosswaite,546,142,1
USA,15-03-2022,70% Dark Bites,Dennison Crosswaite,658,77,1
USA,14-01-2022,70% Dark Bites,Gigi Bohling,7364,196,1
USA,22-06-2022,85% Dark Bars,Kaine Padly,483,259,1
USA,11-07-2022,Caramel Stuffed Bars,Dennison Crosswaite,2317,464,1
USA,07-06-2022,Choco Coated Almonds,Madelene Upcott,5446,132,1
USA,15-06-2022,Peanut Butter Cubes,Marney O'Breen,693,350,1
USA,12-01-2022,Raspberry Choco,Brien Boise,672,194,1
USA,03-01-2022,Raspberry Choco,Dotty Strutley,3437,46,1
USA,12-05-2022,Smooth Sliky Salty,Dennison Crosswaite,11781,91,1
USA,13-06-2022,Spicy Special Slims,Kaine Padly,2107,175,1
USA,07-02-2022,Spicy Special Slims,Oby Sorrel,5691,417,1
USA,07-06-2022,White Choc,Jehu Rudeforth,6559,119,1
USA,24-08-2022,White Choc,Karlen McCaffrey,4592,2,1
